id,passed
46050,0
93905,0
79028,0
101050,0
83386,0
115003,0
90929,0
17582,0
95628,0
39447,0
96962,0
85753,0
14346,0
102758,0
102453,0
7820,0
7193,0
79401,0
94274,0
77762,0
87410,0
25470,0
41469,0
106328,0
14972,0
96180,0
21412,0
76122,0
88399,0
116181,0
85210,0
106799,0
101123,0
71333,0
91016,0
89854,0
66303,0
38600,0
106729,0
92843,0
63483,0
7122,0
108676,0
102435,0
114065,0
20682,0
17699,0
10755,0
17205,0
62197,0
70178,0
49959,0
8173,0
76605,0
47396,0
14459,0
19930,0
10197,0
20205,0
89010,0
82557,0
11940,0
44382,0
92032,0
18173,0
78588,0
114152,0
49531,0
52684,0
60924,0
99214,0
51149,0
112556,0
73240,0
37343,0
77116,0
82046,0
19952,0
73385,0
95699,0
109107,0
100453,0
42551,0
118198,0
11784,0
14844,0
80534,0
95015,0
54848,0
72893,0
86284,0
102625,0
19455,0
76697,0
37488,0
44521,0
101833,0
95249,0
76208,0
45082,0
87440,0
18728,0
40165,0
115767,0
19122,0
114889,0
98334,0
108976,0
115012,0
107350,0
65951,0
26822,0
116403,0
101894,0
114717,0
67854,0
82172,0
49169,0
45310,0
59301,0
73569,0
19335,0
114926,0
79243,0
106235,0
107541,0
65833,0
83215,0
83852,0
59625,0
105430,0
13184,0
88989,0
119416,0
89946,0
6997,0
118421,0
20790,0
101777,0
74529,0
5700,0
40342,0
20871,0
18830,0
109031,0
80465,0
95449,0
102557,0
114650,0
109290,0
12940,0
49489,0
98244,0
10169,0
5811,0
110254,0
117029,0
80851,0
34550,0
39576,0
106372,0
115768,0
112433,0
61475,0
81132,0
88476,0
48926,0
112202,0
89122,0
102416,0
94082,0
52902,0
94387,0
101508,0
93175,0
63861,0
15746,0
117232,0
10718,0
92519,0
116431,0
108620,0
78513,0
69754,0
91917,0
77978,0
91460,0
14254,0
88284,0
47210,0
67291,0
83709,0
106368,0
20990,0
11033,0
81996,0
48694,0
38272,0
118420,0
60627,0
117750,0
6478,0
99409,0
64340,0
78195,0
109576,0
19071,0
100748,0
50215,0
106684,0
82004,0
35064,0
85929,0
111524,0
90925,0
114484,0
83678,0
21763,0
79379,0
46115,0
94793,0
112513,0
14200,0
15402,0
61386,0
101560,0
95319,0
39505,0
107274,0
113228,0
11314,0
6321,0
67773,0
99337,0
44250,0
5792,0
50365,0
40415,0
110310,0
82555,0
85259,0
92576,0
83883,0
11119,0
25874,0
17196,0
110027,0
10768,0
61201,0
14947,0
69857,0
49735,0
105719,0
20574,0
113763,0
75482,0
97327,0
12224,0
75852,0
98038,0
45313,0
60195,0
63611,0
71438,0
18731,0
111634,0
101774,0
78982,0
95425,0
91579,0
93347,0
92868,0
60649,0
59173,0
108107,0
98243,0
107522,0
44936,0
91076,0
95782,0
97494,0
38942,0
75066,0
11948,0
91945,0
112037,0
109577,0
95925,0
110740,0
9302,0
97972,0
14076,0
85011,0
67905,0
74462,0
50987,0
98158,0
60357,0
86714,0
15164,0
8499,0
90130,0
100030,0
40502,0
6203,0
97173,0
118099,0
72605,0
15260,0
54881,0
11683,0
60787,0
112712,0
45149,0
101509,0
66863,0
99638,0
100198,0
9719,0
91675,0
83726,0
73060,0
20221,0
114890,0
88389,0
84641,0
46290,0
98126,0
42286,0
54924,0
113454,0
46581,0
78506,0
115934,0
20962,0
61680,0
83945,0
60492,0
81097,0
100338,0
108395,0
88107,0
102432,0
107106,0
91259,0
95183,0
106180,0
119858,0
112505,0
9319,0
81383,0
63499,0
24504,0
17042,0
8571,0
11765,0
95019,0
85763,0
112876,0
60774,0
70068,0
51158,0
106093,0
88778,0
93184,0
19199,0
7834,0
79188,0
116238,0
52615,0
19885,0
30021,0
51413,0
56206,0
118970,0
79362,0
108042,0
84410,0
74632,0
40553,0
95263,0
81775,0
76742,0
105621,0
118401,0
93194,0
98714,0
14813,0
93434,0
74746,0
108579,0
80488,0
101794,0
64656,0
58805,0
115667,0
107718,0
115414,0
85134,0
100553,0
86780,0
95394,0
51263,0
113030,0
79494,0
54788,0
46433,0
18852,0
93170,0
106183,0
91672,0
46816,0
107406,0
75694,0
95148,0
61870,0
47116,0
26710,0
97240,0
95195,0
18887,0
46913,0
92830,0
98117,0
80378,0
96483,0
39785,0
112742,0
117752,0
73687,0
98299,0
69666,0
35093,0
119823,0
18303,0
113683,0
21777,0
100194,0
12837,0
10978,0
115713,0
14735,0
94516,0
113642,0
7324,0
21154,0
13738,0
90444,0
119010,0
118497,0
101375,0
89702,0
119320,0
95462,0
91997,0
105297,0
98991,0
59206,0
52890,0
108425,0
77309,0
96932,0
6987,0
71480,0
118694,0
64087,0
19023,0
68138,0
60168,0
93252,0
79345,0
10031,0
106628,0
22928,0
84648,0
22168,0
106359,0
84854,0
16852,0
77303,0
95687,0
15329,0
83233,0
102800,0
21808,0
113396,0
112638,0
95049,0
90799,0
101583,0
82761,0
58823,0
17889,0
105709,0
5076,0
74353,0
46567,0
87704,0
12363,0
14825,0
77746,0
110641,0
95912,0
104222,0
106123,0
37103,0
10441,0
95715,0
119037,0
93906,0
102520,0
114234,0
115826,0
48927,0
50385,0
7447,0
20775,0
51214,0
77263,0
107335,0
90605,0
63088,0
76712,0
78512,0
100483,0
95557,0
85186,0
60507,0
49765,0
82811,0
106647,0
113602,0
29321,0
46925,0
11175,0
108180,0
42121,0
94348,0
82975,0
111101,0
61062,0
21900,0
49359,0
101250,0
83515,0
98466,0
63484,0
7631,0
39744,0
58943,0
84824,0
87328,0
20427,0
62208,0
88935,0
65725,0
79086,0
21975,0
44236,0
39492,0
18632,0
105299,0
91736,0
119667,0
119259,0
80157,0
80202,0
18920,0
87767,0
91674,0
13714,0
48294,0
118533,0
119045,0
65975,0
49837,0
39911,0
39726,0
63076,0
98602,0
93098,0
93154,0
106397,0
87347,0
81718,0
66578,0
116765,0
83522,0
42910,0
98753,0
7917,0
38806,0
85126,0
44647,0
85328,0
83083,0
25620,0
119359,0
117370,0
29463,0
6565,0
83332,0
107211,0
79784,0
113890,0
62646,0
29357,0
113736,0
48804,0
119796,0
96785,0
100623,0
115048,0
49451,0
47258,0
5255,0
7248,0
83855,0
117722,0
14957,0
27958,0
7258,0
61155,0
116445,0
84760,0
64261,0
78801,0
91654,0
98536,0
51031,0
62668,0
63430,0
76089,0
72550,0
46373,0
87097,0
80186,0
93738,0
5091,0
80638,0
108949,0
19219,0
85060,0
47439,0
49152,0
116060,0
90853,0
79978,0
91950,0
112247,0
93860,0
8680,0
91573,0
87040,0
99363,0
80233,0
109935,0
107565,0
97375,0
110891,0
21811,0
46299,0
40331,0
115113,0
28998,0
16798,0
46642,0
14355,0
13327,0
19742,0
80452,0
50894,0
52526,0
48965,0
45271,0
102934,0
7145,0
114673,0
83142,0
45717,0
35143,0
5285,0
73138,0
118007,0
79676,0
93307,0
116394,0
88376,0
6635,0
75076,0
100014,0
53262,0
46825,0
46404,0
115895,0
108743,0
18487,0
55813,0
92321,0
29469,0
90254,0
88715,0
97252,0
77914,0
106012,0
40293,0
27497,0
116043,0
96924,0
115754,0
93255,0
19506,0
40848,0
112457,0
77813,0
98704,0
8765,0
118398,0
75693,0
110656,0
6268,0
68049,0
93816,0
72952,0
84098,0
60267,0
100891,0
55569,0
8694,0
112303,0
73422,0
51414,0
60215,0
75621,0
38316,0
80902,0
11085,0
106124,0
55172,0
108126,0
73988,0
13436,0
18862,0
95908,0
6092,0
42285,0
100863,0
109902,0
42660,0
59330,0
65679,0
106152,0
81309,0
69770,0
109648,0
95732,0
51052,0
60702,0
83737,0
93190,0
50809,0
105889,0
15347,0
92823,0
85059,0
114962,0
18815,0
62843,0
116182,0
112017,0
105737,0
60819,0
81125,0
79492,0
112429,0
41830,0
75242,0
74503,0
81053,0
79194,0
50628,0
110015,0
46739,0
91298,0
38481,0
55301,0
18433,0
73745,0
44694,0
84804,0
88400,0
10140,0
93368,0
87836,0
84336,0
101718,0
105999,0
107444,0
9903,0
113435,0
85208,0
5473,0
98403,0
93593,0
63732,0
73079,0
60975,0
19871,0
73210,0
84800,0
79790,0
51124,0
94990,0
119607,0
64607,0
42987,0
95979,0
47942,0
60405,0
74236,0
84928,0
87738,0
19482,0
99335,0
111777,0
118756,0
112762,0
113123,0
82954,0
15586,0
53289,0
5610,0
115130,0
91729,0
5665,0
39729,0
67001,0
84382,0
98973,0
72892,0
83015,0
73491,0
114011,0
80277,0
53291,0
66415,0
88798,0
98606,0
88371,0
39470,0
15738,0
106224,0
40100,0
61358,0
41370,0
119653,0
105364,0
96231,0
95480,0
115676,0
19207,0
91550,0
89273,0
62756,0
57562,0
88207,0
60246,0
17951,0
29341,0
80664,0
112614,0
19961,0
89256,0
102842,0
15396,0
45705,0
88946,0
98261,0
44461,0
62755,0
101345,0
63110,0
51192,0
107111,0
111192,0
13778,0
84566,0
95220,0
15651,0
95985,0
12524,0
66668,0
102419,0
20543,0
48032,0
61876,0
17134,0
53024,0
17502,0
88703,0
101875,0
40098,0
115707,0
93155,0
105661,0
110463,0
103181,0
78379,0
79454,0
97433,0
83723,0
52579,0
69907,0
84299,0
74866,0
41496,0
71506,0
18367,0
45389,0
18306,0
8013,0
42037,0
39333,0
113785,0
107075,0
74260,0
115627,0
14983,0
74584,0
108399,0
44568,0
7336,0
91088,0
118921,0
47380,0
97170,0
61108,0
80224,0
69739,0
80290,0
102578,0
98187,0
14221,0
6963,0
7208,0
77299,0
95139,0
82770,0
113102,0
11518,0
10957,0
20368,0
16831,0
95806,0
69760,0
71369,0
88975,0
111897,0
111844,0
18716,0
18754,0
75981,0
20968,0
107732,0
18241,0
81344,0
82513,0
116436,0
113944,0
87216,0
21028,0
119439,0
88810,0
95454,0
105349,0
17861,0
17957,0
100473,0
39920,0
88950,0
98235,0
116500,0
83509,0
46509,0
41385,0
113355,0
46022,0
97893,0
116681,0
10991,0
96256,0
101114,0
38323,0
87843,0
42631,0
15055,0
113821,0
85211,0
112235,0
86722,0
96784,0
44935,0
99202,0
40136,0
93476,0
86479,0
17193,0
102214,0
92241,0
38359,0
19997,0
84276,0
78082,0
73443,0
38315,0
118019,0
98684,0
39496,0
100040,0
119069,0
19822,0
80828,0
99902,0
84203,0
113422,0
45900,0
18576,0
107651,0
107614,0
101988,0
77390,0
38183,0
77520,0
12393,0
46078,0
115232,0
49340,0
5042,0
113401,0
111816,0
105497,0
77137,0
59757,0
47491,0
81785,0
35065,0
106713,0
119765,0
101892,0
96192,0
81313,0
13312,0
50954,0
85777,0
103108,0
19289,0
83542,0
115804,0
48912,0
118274,0
114614,0
18333,0
107323,0
88330,0
11630,0
80564,0
93375,0
63304,0
11950,0
119038,0
84201,0
15040,0
85080,0
85820,0
90953,0
21463,0
59640,0
94225,0
108400,0
100816,0
21744,0
91436,0
18635,0
84882,0
97987,0
60304,0
94334,0
117666,0
116013,0
88555,0
6360,0
37353,0
80207,0
11321,0
96793,0
80209,0
85519,0
64014,0
87413,0
85357,0
64133,0
82367,0
59044,0
46564,0
8034,0
22159,0
87484,0
108799,0
90988,0
82096,0
42173,0
82418,0
15152,0
91430,0
55240,0
77830,0
50271,0
68316,0
54898,0
90639,0
48607,0
50969,0
83958,0
83329,0
110304,0
9026,0
77995,0
117674,0
106186,0
89262,0
50101,0
93519,0
89338,0
22242,0
9800,0
95763,0
106074,0
52855,0
79501,0
100618,0
62911,0
48806,0
61663,0
11029,0
74506,0
100752,0
45085,0
116926,0
107721,0
19426,0
92010,0
21011,0
117166,0
90160,0
113039,0
45450,0
34162,0
64221,0
68393,0
91925,0
108960,0
74754,0
59193,0
99083,0
13300,0
18898,0
116792,0
85618,0
92053,0
118021,0
20734,0
90734,0
102189,0
45083,0
46658,0
38171,0
18888,0
59029,0
95125,0
119158,0
62885,0
61980,0
75048,0
62515,0
95350,0
7437,0
97912,0
110590,0
69830,0
77540,0
21678,0
22197,0
112038,0
74614,0
99355,0
66675,0
83823,0
102921,0
101268,0
44315,0
79268,0
64524,0
108201,0
96574,0
7991,0
85437,0
66734,0
112378,0
88453,0
63539,0
38214,0
48682,0
108313,0
44615,0
19242,0
82279,0
77703,0
46659,0
62230,0
85750,0
70110,0
100095,0
116068,0
69660,0
113287,0
67569,0
29552,0
94136,0
19550,0
55973,0
84729,0
20138,0
60099,0
65969,0
83650,0
98679,0
107643,0
54982,0
70087,0
11973,0
14659,0
117738,0
40975,0
71447,0
51217,0
101769,0
112444,0
6715,0
115328,0
112129,0
95965,0
79054,0
49324,0
40810,0
78654,0
86085,0
66396,0
78650,0
116920,0
72895,0
79858,0
63540,0
29023,0
117712,0
84468,0
50295,0
74688,0
77917,0
6104,0
7401,0
102148,0
76711,0
7971,0
78803,0
46797,0
61427,0
92711,0
83016,0
13579,0
92734,0
102596,0
96424,0
41693,0
11356,0
106661,0
97486,0
113459,0
40134,0
118545,0
100765,0
100373,0
61988,0
13610,0
111793,0
53382,0
52783,0
60402,0
118618,0
117576,0
119047,0
73487,0
8893,0
93025,0
20203,0
35039,0
95344,0
91095,0
84047,0
41936,0
44772,0
90179,0
73177,0
19405,0
17274,0
14026,0
60723,0
78146,0
95700,0
80372,0
83535,0
83724,0
42582,0
81866,0
17390,0
112076,0
10566,0
49933,0
20717,0
111078,0
101272,0
21379,0
20748,0
105922,0
67411,0
78800,0
71469,0
79702,0
85149,0
73942,0
13386,0
90939,0
118067,0
97419,0
84761,0
69946,0
94052,0
52727,0
50036,0
77423,0
80166,0
5998,0
58733,0
110437,0
91972,0
7881,0
20982,0
10831,0
41140,0
60861,0
69881,0
94114,0
77696,0
115719,0
22169,0
94164,0
98452,0
101271,0
78687,0
19030,0
89535,0
11639,0
114486,0
102946,0
81103,0
63562,0
98449,0
98225,0
6946,0
106872,0
102337,0
83438,0
59047,0
63670,0
91432,0
114520,0
79293,0
84331,0
79140,0
50249,0
115919,0
93702,0
110622,0
93646,0
59386,0
84996,0
5881,0
116805,0
37450,0
26060,0
85422,0
71422,0
45199,0
108258,0
81904,0
59378,0
95625,0
74522,0
76503,0
103010,0
84920,0
20210,0
98494,0
90778,0
106925,0
41077,0
29568,0
76275,0
8831,0
79069,0
112702,0
81390,0
54948,0
45750,0
116809,0
35172,0
47279,0
44359,0
60448,0
114504,0
99887,0
115307,0
79360,0
73213,0
107202,0
88600,0
81770,0
108592,0
67040,0
88467,0
42462,0
39264,0
21093,0
52975,0
74320,0
60042,0
47050,0
106889,0
115706,0
38976,0
21645,0
73809,0
82341,0
11752,0
44757,0
115637,0
29033,0
29169,0
19566,0
12299,0
12220,0
89657,0
77286,0
112139,0
118663,0
93198,0
89919,0
77334,0
49578,0
99776,0
62605,0
68085,0
119693,0
105662,0
83470,0
62189,0
21557,0
6742,0
45018,0
107532,0
20945,0
81862,0
111763,0
74161,0
102749,0
81438,0
6271,0
119673,0
94277,0
40309,0
40355,0
60698,0
79667,0
81274,0
94879,0
59578,0
111907,0
85399,0
18567,0
44871,0
28004,0
80167,0
75423,0
47883,0
105537,0
117757,0
66226,0
92599,0
6196,0
118402,0
74257,0
101709,0
8750,0
84169,0
102792,0
15514,0
101602,0
100421,0
92727,0
117966,0
101647,0
48176,0
20021,0
9167,0
91501,0
106537,0
88005,0
51053,0
60967,0
78125,0
67389,0
54758,0
81221,0
24662,0
92484,0
23328,0
83539,0
67954,0
39817,0
8276,0
20947,0
100186,0
8222,0
67189,0
111096,0
83407,0
115937,0
11595,0
39987,0
73494,0
83159,0
5638,0
103090,0
17976,0
101293,0
110690,0
60260,0
40012,0
80743,0
21350,0
38247,0
75770,0
50607,0
45779,0
82703,0
97116,0
88943,0
41672,0
8409,0
54719,0
88245,0
101656,0
86484,0
109592,0
72698,0
91558,0
52967,0
17669,0
102886,0
117507,0
118656,0
41436,0
76234,0
77298,0
97224,0
39915,0
119336,0
102447,0
91831,0
45125,0
14649,0
69947,0
80870,0
18730,0
10455,0
21361,0
109664,0
68412,0
20327,0
89215,0
13676,0
98997,0
5876,0
46063,0
97545,0
64363,0
112373,0
99396,0
115159,0
93590,0
119058,0
89857,0
13487,0
44235,0
108430,0
112550,0
113172,0
20014,0
108623,0
11013,0
84160,0
69734,0
73640,0
105552,0
37191,0
100721,0
15531,0
99242,0
19143,0
35140,0
117216,0
48447,0
106765,0
74639,0
62482,0
44635,0
78415,0
112035,0
117141,0
78465,0
95328,0
105319,0
76581,0
97775,0
102052,0
38770,0
21541,0
19266,0
99022,0
78169,0
38776,0
6720,0
15096,0
87548,0
107894,0
84496,0
105565,0
78511,0
113061,0
17331,0
46779,0
45223,0
113475,0
75649,0
95464,0
97255,0
67683,0
18031,0
58853,0
113465,0
102008,0
99875,0
85394,0
116012,0
44906,0
112471,0
79396,0
49957,0
87069,0
13400,0
112785,0
41400,0
119023,0
103148,0
83472,0
79968,0
21657,0
78121,0
94219,0
84856,0
105848,0
100681,0
99644,0
90372,0
44963,0
102875,0
77714,0
79603,0
18235,0
59623,0
68269,0
111273,0
80974,0
94449,0
102208,0
88176,0
84938,0
106036,0
87057,0
95467,0
73600,0
109244,0
103060,0
100389,0
86472,0
101435,0
98485,0
63978,0
113156,0
75989,0
21972,0
100810,0
12979,0
73793,0
118695,0
20479,0
50875,0
26747,0
64389,0
63765,0
77145,0
55013,0
92363,0
105995,0
100759,0
113456,0
119580,0
92730,0
81560,0
79216,0
82232,0
107280,0
84414,0
98535,0
34243,0
15386,0
89985,0
102075,0
13374,0
95080,0
98036,0
105403,0
13239,0
25489,0
41076,0
102015,0
17278,0
117379,0
87274,0
86221,0
117590,0
37319,0
35269,0
20252,0
81091,0
17108,0
50252,0
81643,0
98137,0
45250,0
17964,0
108680,0
5808,0
21881,0
17078,0
87994,0
77849,0
63154,0
92759,0
102205,0
21997,0
8042,0
81938,0
101640,0
20157,0
119511,0
77135,0
12279,0
105394,0
18331,0
15598,0
84472,0
20840,0
83043,0
49276,0
95563,0
94388,0
82058,0
88448,0
7382,0
55126,0
81898,0
70218,0
101609,0
42213,0
82427,0
61468,0
19044,0
110655,0
47644,0
17794,0
68058,0
85148,0
59400,0
89699,0
109265,0
119451,0
87824,0
98296,0
115715,0
47646,0
18492,0
108923,0
79417,0
97297,0
103136,0
17892,0
44738,0
64106,0
90742,0
118839,0
39228,0
59590,0
102217,0
78340,0
42817,0
58845,0
22099,0
41492,0
113720,0
68164,0
80191,0
64013,0
75399,0
106793,0
78808,0
87980,0
118688,0
75982,0
119358,0
29787,0
74761,0
46191,0
116011,0
62315,0
106913,0
112674,0
85709,0
118874,0
82564,0
118885,0
48595,0
79276,0
44682,0
18585,0
34157,0
101992,0
74585,0
61177,0
68205,0
102945,0
5097,0
40739,0
95185,0
97348,0
15252,0
99670,0
94086,0
84346,0
87385,0
91340,0
102123,0
116194,0
119119,0
5871,0
111996,0
73460,0
97654,0
118367,0
117926,0
5439,0
45936,0
117703,0
45529,0
111819,0
81523,0
8794,0
56104,0
6998,0
114775,0
18984,0
22904,0
112151,0
88362,0
16802,0
96009,0
22181,0
79920,0
8475,0
88887,0
118972,0
101466,0
91313,0
5239,0
75128,0
68406,0
69463,0
18933,0
79441,0
10901,0
61716,0
118825,0
74178,0
18934,0
65673,0
108156,0
84271,0
11160,0
19762,0
93674,0
19923,0
18431,0
114522,0
105575,0
66843,0
56193,0
97218,0
108537,0
97807,0
17300,0
6510,0
94476,0
102155,0
117423,0
14948,0
63623,0
35078,0
83814,0
45634,0
84636,0
101760,0
59042,0
18380,0
96146,0
80189,0
87847,0
18624,0
77750,0
15070,0
102362,0
81518,0
63150,0
83169,0
93680,0
91520,0
89840,0
84493,0
76136,0
48659,0
63638,0
47709,0
118967,0
102790,0
107569,0
44667,0
95158,0
94062,0
84688,0
96787,0
62349,0
106083,0
40805,0
38495,0
70195,0
114282,0
116552,0
15153,0
113665,0
77187,0
77476,0
114013,0
17076,0
95528,0
18386,0
119235,0
62509,0
20909,0
69918,0
19393,0
113747,0
98044,0
83554,0
6807,0
118201,0
115948,0
18073,0
73913,0
118882,0
112515,0
78688,0
88460,0
20599,0
60366,0
98085,0
100233,0
46968,0
95349,0
74254,0
116546,0
85063,0
93182,0
102070,0
102234,0
90146,0
41650,0
117736,0
100499,0
18778,0
90060,0
10693,0
38387,0
6937,0
73439,0
85381,0
88189,0
100452,0
106473,0
40551,0
18504,0
42416,0
6202,0
95202,0
92093,0
116829,0
12082,0
74334,0
80087,0
28742,0
112054,0
95137,0
77637,0
91084,0
22178,0
101895,0
39187,0
56021,0
47444,0
108945,0
37537,0
39753,0
20121,0
13389,0
73113,0
109311,0
90943,0
18765,0
90225,0
6356,0
40935,0
48040,0
55733,0
45693,0
9081,0
21769,0
116801,0
95547,0
55873,0
101460,0
17979,0
49788,0
82981,0
109153,0
8091,0
92017,0
60961,0
108336,0
5386,0
58652,0
45715,0
55732,0
17617,0
66971,0
34246,0
47093,0
64562,0
89606,0
59668,0
119434,0
74497,0
67194,0
10802,0
6127,0
116416,0
9760,0
85842,0
114974,0
85084,0
100915,0
55868,0
88106,0
84088,0
91797,0
77839,0
6351,0
112554,0
61209,0
54769,0
19062,0
95697,0
81246,0
83707,0
101693,0
84122,0
21868,0
41122,0
20680,0
109892,0
116783,0
99224,0
18647,0
118867,0
47640,0
60031,0
8722,0
79618,0
47262,0
94294,0
118417,0
102212,0
113839,0
6343,0
88831,0
115698,0
89718,0
99288,0
10772,0
112379,0
73274,0
83788,0
39178,0
54737,0
44889,0
100440,0
78352,0
115691,0
26073,0
58953,0
45605,0
117290,0
106060,0
53135,0
96134,0
101694,0
51450,0
89441,0
108575,0
12927,0
8025,0
50639,0
57404,0
45127,0
110216,0
61802,0
90180,0
91723,0
19217,0
114333,0
112662,0
34460,0
67102,0
10241,0
82144,0
78968,0
91268,0
78099,0
6918,0
19097,0
28933,0
93839,0
17199,0
105646,0
38623,0
18180,0
6056,0
87465,0
117051,0
109993,0
21447,0
102923,0
18621,0
79719,0
61053,0
38954,0
75094,0
95934,0
116039,0
69930,0
113807,0
106237,0
67161,0
8455,0
89507,0
34647,0
44961,0
84180,0
101853,0
15673,0
49314,0
16781,0
70118,0
82340,0
66041,0
58825,0
81781,0
94695,0
77693,0
47033,0
9804,0
45723,0
73927,0
99669,0
116070,0
48774,0
106718,0
102956,0
59775,0
59605,0
53241,0
112344,0
18435,0
118877,0
113536,0
18966,0
113077,0
52817,0
14850,0
73750,0
115697,0
105933,0
12666,0
77190,0
115146,0
112461,0
47428,0
111142,0
84743,0
19116,0
114881,0
46129,0
83778,0
49233,0
95653,0
12030,0
100016,0
91928,0
40947,0
91167,0
98097,0
108290,0
106436,0
10307,0
88575,0
74617,0
101311,0
116285,0
119839,0
79972,0
86952,0
102187,0
47255,0
45799,0
14987,0
50864,0
8376,0
50917,0
84443,0
19919,0
88236,0
98733,0
75472,0
54874,0
11065,0
91758,0
107133,0
62985,0
89489,0
109052,0
10986,0
111294,0
19359,0
98470,0
113321,0
82562,0
19333,0
46190,0
98297,0
118040,0
18420,0
107814,0
38747,0
18890,0
10705,0
54744,0
112405,0
50312,0
107328,0
18889,0
115126,0
109173,0
69547,0
110969,0
10287,0
60758,0
98731,0
14157,0
75292,0
57557,0
75047,0
63576,0
114669,0
108171,0
93086,0
77744,0
88067,0
112778,0
64231,0
39793,0
20253,0
117832,0
5295,0
19565,0
112358,0
18280,0
39434,0
86495,0
18767,0
112493,0
86415,0
75771,0
7462,0
55214,0
112822,0
116128,0
95081,0
91591,0
48954,0
81703,0
75058,0
60426,0
61135,0
55668,0
18366,0
108391,0
21306,0
40901,0
105410,0
84748,0
75037,0
73588,0
70181,0
114413,0
101222,0
114561,0
67706,0
63880,0
77125,0
16880,0
52580,0
106642,0
109095,0
62263,0
10883,0
77749,0
107773,0
85079,0
112383,0
84039,0
78966,0
108565,0
108772,0
101896,0
107264,0
95977,0
112404,0
92526,0
52562,0
18866,0
113973,0
79661,0
98402,0
5338,0
86982,0
97850,0
101578,0
37150,0
16853,0
96008,0
50361,0
29451,0
101463,0
59482,0
7702,0
81192,0
97641,0
19094,0
62562,0
111165,0
77574,0
52776,0
14725,0
5710,0
101448,0
19414,0
29999,0
62982,0
19225,0
85183,0
96917,0
8784,0
50245,0
17670,0
13517,0
64036,0
80442,0
78856,0
88193,0
70226,0
7198,0
7428,0
72913,0
114269,0
96011,0
74930,0
115228,0
20798,0
41690,0
45671,0
63937,0
97662,0
116040,0
112266,0
81217,0
6676,0
34609,0
97619,0
84558,0
20055,0
5981,0
13960,0
92720,0
73094,0
88559,0
114670,0
88052,0
87317,0
87898,0
11140,0
113364,0
79916,0
105412,0
80196,0
118155,0
98736,0
119112,0
91670,0
84808,0
91882,0
81256,0
113477,0
48037,0
21367,0
21745,0
87754,0
91855,0
42754,0
106586,0
96853,0
5463,0
41233,0
98620,0
60618,0
118937,0
118406,0
117627,0
87353,0
90475,0
15730,0
76369,0
11338,0
88528,0
119432,0
94071,0
13268,0
101355,0
76127,0
106114,0
92861,0
81408,0
118331,0
88999,0
79880,0
21168,0
45228,0
91817,0
60718,0
11861,0
101850,0
63004,0
62884,0
111447,0
114589,0
17007,0
75333,0
99655,0
50240,0
24979,0
115779,0
94306,0
85240,0
118069,0
86751,0
20093,0
90258,0
108509,0
91746,0
21292,0
110787,0
20411,0
108952,0
18824,0
40973,0
22180,0
102681,0
20211,0
97958,0
14336,0
112664,0
81296,0
12033,0
81557,0
18151,0
14834,0
9634,0
106288,0
45201,0
117929,0
103204,0
91785,0
8518,0
42265,0
112013,0
119372,0
49985,0
102570,0
63452,0
117373,0
101522,0
7920,0
90615,0
62246,0
7722,0
37305,0
63265,0
88143,0
116833,0
13969,0
67066,0
108581,0
84384,0
20258,0
17229,0
17041,0
8395,0
9417,0
40447,0
53355,0
86942,0
114783,0
18827,0
108273,0
87412,0
107345,0
45989,0
90652,0
86398,0
18339,0
117916,0
119750,0
93995,0
7305,0
45831,0
87075,0
119304,0
46230,0
39236,0
89355,0
77383,0
79981,0
66661,0
87783,0
84490,0
115573,0
48693,0
18117,0
100890,0
62253,0
108663,0
77796,0
93172,0
81389,0
20305,0
110670,0
60901,0
73303,0
87666,0
102926,0
88219,0
50391,0
115679,0
119306,0
92613,0
80754,0
111266,0
15705,0
95321,0
50792,0
79680,0
112623,0
14154,0
114845,0
18836,0
91883,0
79400,0
8686,0
89330,0
27823,0
78763,0
67678,0
8383,0
94168,0
96603,0
110651,0
10984,0
108470,0
84417,0
94513,0
44687,0
64464,0
93597,0
90890,0
82693,0
66768,0
100047,0
107521,0
114887,0
102325,0
102454,0
108177,0
10129,0
18449,0
87875,0
84807,0
84320,0
50242,0
114502,0
90462,0
99800,0
78853,0
105812,0
99053,0
90946,0
83794,0
81380,0
20137,0
119506,0
9180,0
55365,0
94478,0
92752,0
111466,0
19592,0
77819,0
78177,0
22069,0
9924,0
46670,0
96143,0
45593,0
116490,0
10731,0
19073,0
62214,0
70123,0
74205,0
15099,0
39075,0
53279,0
82946,0
25983,0
102062,0
102127,0
117844,0
111109,0
22243,0
47289,0
112576,0
107326,0
17853,0
39307,0
46449,0
44860,0
81364,0
18735,0
45166,0
47274,0
49377,0
102171,0
14491,0
111900,0
79290,0
20567,0
67232,0
82958,0
93257,0
19146,0
44299,0
55495,0
119174,0
82621,0
114877,0
19615,0
19125,0
51423,0
76564,0
50603,0
56225,0
73669,0
81018,0
20512,0
45918,0
100454,0
80406,0
105388,0
100803,0
86109,0
99617,0
91227,0
84048,0
41254,0
85757,0
11017,0
107420,0
9928,0
80242,0
102353,0
93389,0
18896,0
40854,0
66048,0
115985,0
85398,0
101039,0
99620,0
102839,0
71420,0
60783,0
79026,0
115386,0
67686,0
83316,0
77139,0
11147,0
92359,0
72636,0
45836,0
81037,0
78020,0
18584,0
84550,0
62191,0
96590,0
114255,0
20212,0
94084,0
71344,0
101436,0
81568,0
117067,0
74541,0
105666,0
76131,0
101204,0
114264,0
107305,0
81606,0
100624,0
52839,0
83816,0
20169,0
84311,0
40807,0
40694,0
77203,0
78946,0
78468,0
119297,0
79996,0
21209,0
42533,0
48168,0
115712,0
91214,0
82560,0
69959,0
114371,0
22154,0
109426,0
110562,0
74669,0
117170,0
79591,0
95107,0
89130,0
49812,0
118644,0
90812,0
82552,0
83720,0
93065,0
119173,0
82550,0
85554,0
93886,0
28846,0
105545,0
45647,0
119510,0
102411,0
100509,0
37352,0
117387,0
74481,0
62185,0
79199,0
110531,0
72615,0
20516,0
67580,0
12954,0
55912,0
40760,0
105960,0
117380,0
43112,0
59554,0
88215,0
45873,0
50467,0
48310,0
39038,0
21134,0
75699,0
108490,0
17679,0
68186,0
49306,0
5636,0
111274,0
21344,0
89924,0
108089,0
119077,0
98698,0
18406,0
78731,0
102321,0
9931,0
80185,0
92046,0
106233,0
98253,0
41396,0
91841,0
39442,0
70222,0
63235,0
118296,0
77728,0
108786,0
64410,0
84308,0
47071,0
98725,0
38611,0
58638,0
13186,0
119795,0
51179,0
5930,0
6737,0
15371,0
42282,0
98735,0
52973,0
100351,0
62653,0
86311,0
9883,0
86089,0
84345,0
16932,0
118220,0
89645,0
94105,0
23448,0
117405,0
85356,0
98518,0
5144,0
60544,0
98520,0
47432,0
76975,0
105685,0
83473,0
17947,0
72980,0
84790,0
45225,0
100181,0
119308,0
113335,0
23851,0
117479,0
7725,0
13987,0
91311,0
40886,0
64219,0
62681,0
68279,0
85307,0
34212,0
47113,0
41820,0
9564,0
56077,0
73424,0
88949,0
45652,0
7044,0
64366,0
117836,0
82358,0
39372,0
7196,0
20256,0
111064,0
86078,0
49984,0
52869,0
109694,0
18840,0
102105,0
13315,0
47915,0
11417,0
19028,0
34173,0
75889,0
99674,0
107608,0
85963,0
91247,0
35126,0
102730,0
88292,0
12838,0
47198,0
13142,0
114984,0
62880,0
72802,0
60693,0
106285,0
63510,0
11837,0
78812,0
106279,0
108460,0
55804,0
114370,0
8010,0
51189,0
100657,0
102080,0
39836,0
117122,0
51107,0
18513,0
17172,0
81990,0
61132,0
102510,0
68289,0
60733,0
64618,0
46712,0
99014,0
82026,0
44949,0
34120,0
59354,0
68307,0
46922,0
109318,0
71434,0
25575,0
18051,0
73270,0
79668,0
77644,0
39485,0
45230,0
80371,0
63202,0
94786,0
17443,0
14714,0
26661,0
45470,0
39557,0
96890,0
101941,0
19975,0
53297,0
105507,0
86996,0
9600,0
53293,0
87926,0
18987,0
112956,0
51365,0
106670,0
116578,0
46586,0
88119,0
100580,0
108716,0
88648,0
17370,0
40646,0
91843,0
52745,0
75850,0
12750,0
111987,0
99175,0
119500,0
10863,0
9613,0
68237,0
63975,0
78294,0
78009,0
63389,0
106843,0
82607,0
64180,0
83490,0
87537,0
103188,0
102280,0
73153,0
22817,0
107938,0
79875,0
57556,0
38485,0
76543,0
117774,0
46193,0
11315,0
66839,0
50475,0
44570,0
99346,0
114744,0
87427,0
88221,0
93319,0
7942,0
110510,0
111758,0
5368,0
119576,0
105966,0
17212,0
66230,0
116611,0
116897,0
119314,0
95092,0
75375,0
117734,0
85695,0
102063,0
20820,0
99312,0
77848,0
61112,0
42219,0
66774,0
115936,0
116631,0
110912,0
96150,0
98468,0
7496,0
49773,0
40804,0
113769,0
87941,0
118479,0
55300,0
104226,0
102874,0
17602,0
93598,0
18623,0
74508,0
53111,0
78249,0
42049,0
93741,0
99930,0
95355,0
96041,0
73684,0
97581,0
50173,0
114425,0
88425,0
93695,0
34390,0
10406,0
20814,0
114452,0
118635,0
46030,0
86944,0
83197,0
102215,0
96194,0
63029,0
94422,0
61314,0
51211,0
107833,0
8727,0
76538,0
99059,0
40265,0
61302,0
83729,0
78864,0
87756,0
101935,0
20091,0
101681,0
18254,0
83711,0
48874,0
94508,0
83243,0
117691,0
65829,0
6924,0
73428,0
107317,0
11788,0
93732,0
5846,0
13476,0
113803,0
64555,0
93439,0
45077,0
51304,0
14666,0
61945,0
18849,0
11288,0
118780,0
90044,0
55935,0
18225,0
105715,0
60519,0
53140,0
103089,0
67384,0
87205,0
60897,0
119021,0
93903,0
113819,0
94784,0
110519,0
7355,0
79385,0
113756,0
18106,0
19106,0
106013,0
54679,0
63923,0
52987,0
12048,0
49593,0
108932,0
20660,0
101740,0
5101,0
91315,0
100808,0
77255,0
66891,0
83144,0
106400,0
62861,0
18837,0
19844,0
100734,0
18974,0
93477,0
97606,0
19858,0
73681,0
80606,0
78789,0
80274,0
113385,0
105437,0
102942,0
21553,0
11240,0
83225,0
18803,0
93609,0
92312,0
13039,0
84424,0
18873,0
119868,0
44904,0
81787,0
102517,0
95194,0
55635,0
12797,0
10945,0
54930,0
90429,0
118049,0
55114,0
74273,0
115401,0
20986,0
58676,0
34443,0
94047,0
40902,0
96350,0
80817,0
115568,0
113256,0
53004,0
41579,0
109673,0
80331,0
49621,0
83390,0
66581,0
22207,0
82002,0
107355,0
77293,0
89766,0
110122,0
106056,0
75914,0
99009,0
38981,0
110288,0
106696,0
21575,0
80085,0
119727,0
95762,0
62227,0
75808,0
93428,0
108365,0
62955,0
78418,0
113327,0
47578,0
34490,0
101287,0
80487,0
119490,0
118891,0
69458,0
115236,0
119182,0
37436,0
44312,0
93222,0
6083,0
94913,0
86249,0
67512,0
5603,0
10805,0
38460,0
84193,0
90940,0
63843,0
106120,0
73672,0
18055,0
75598,0
55595,0
48692,0
87085,0
12649,0
78024,0
117399,0
19322,0
117831,0
93349,0
96340,0
45019,0
107259,0
75806,0
72972,0
78349,0
97200,0
119768,0
6926,0
112021,0
8798,0
18194,0
114574,0
109339,0
79694,0
38396,0
88191,0
70054,0
109477,0
77585,0
107381,0
17901,0
92246,0
96843,0
108796,0
11156,0
119574,0
92504,0
81466,0
38651,0
102154,0
76007,0
6542,0
39581,0
53007,0
71473,0
105484,0
76374,0
17935,0
106149,0
88649,0
37035,0
81035,0
108962,0
93752,0
98252,0
117201,0
108426,0
49249,0
113088,0
99640,0
100579,0
74080,0
42841,0
20958,0
82365,0
21538,0
19263,0
39201,0
100344,0
110188,0
13608,0
48686,0
40881,0
15417,0
112239,0
48364,0
54734,0
18428,0
79461,0
84842,0
77439,0
19980,0
13420,0
73932,0
112819,0
86027,0
56342,0
15563,0
83894,0
87289,0
80966,0
55658,0
116314,0
17533,0
42392,0
109238,0
10837,0
76202,0
50223,0
116450,0
35635,0
100788,0
93604,0
19402,0
118397,0
69664,0
54955,0
42135,0
95313,0
77599,0
115197,0
6839,0
86589,0
61983,0
102795,0
96488,0
8250,0
16778,0
55930,0
37047,0
94481,0
98688,0
82843,0
18894,0
103056,0
62936,0
21792,0
46726,0
92889,0
19946,0
19093,0
20912,0
76705,0
80230,0
85226,0
98021,0
84815,0
91596,0
105831,0
88799,0
113831,0
96052,0
112365,0
11014,0
114028,0
18284,0
59474,0
39916,0
94785,0
97604,0
61348,0
55888,0
45660,0
20617,0
86462,0
50033,0
84599,0
114891,0
84841,0
81239,0
106533,0
80797,0
110224,0
82006,0
113526,0
57563,0
88116,0
87424,0
88976,0
114236,0
62402,0
61955,0
114598,0
52997,0
76611,0
46471,0
42835,0
44408,0
82036,0
118723,0
41856,0
47101,0
46179,0
89002,0
55157,0
114790,0
39220,0
38654,0
48157,0
111997,0
20731,0
113534,0
17273,0
11400,0
66764,0
9767,0
116000,0
97357,0
90512,0
81440,0
117927,0
11647,0
46281,0
17450,0
10829,0
46711,0
59694,0
18691,0
15480,0
111643,0
13584,0
97699,0
95264,0
88272,0
106476,0
114975,0
74216,0
7597,0
79234,0
102122,0
80315,0
39159,0
77807,0
71482,0
80906,0
92266,0
67032,0
87357,0
112987,0
46742,0
18071,0
40412,0
83477,0
101266,0
19267,0
115123,0
113298,0
26241,0
84988,0
8695,0
91761,0
117753,0
115540,0
48292,0
114620,0
89635,0
101848,0
115992,0
99419,0
14841,0
80758,0
74692,0
94498,0
19510,0
94398,0
115114,0
82943,0
90137,0
107044,0
39680,0
95130,0
67203,0
18415,0
93774,0
5985,0
64109,0
62984,0
95116,0
53236,0
117463,0
108331,0
64104,0
65740,0
39998,0
15498,0
82376,0
80945,0
108725,0
18365,0
75616,0
15401,0
82749,0
115192,0
109799,0
14116,0
115229,0
106459,0
93193,0
106072,0
77289,0
21406,0
105402,0
6436,0
119655,0
80575,0
78185,0
13119,0
12383,0
61085,0
55996,0
78132,0
109459,0
17566,0
83537,0
109989,0
78425,0
6776,0
21750,0
7155,0
117211,0
91667,0
83323,0
28972,0
69721,0
42891,0
96232,0
25289,0
81934,0
83971,0
84096,0
13450,0
83906,0
5572,0
52497,0
18247,0
89983,0
7256,0
101610,0
115470,0
11495,0
110452,0
9793,0
19326,0
83730,0
13769,0
66259,0
39670,0
89176,0
117998,0
118567,0
83680,0
69641,0
91757,0
53011,0
86007,0
95535,0
62465,0
61123,0
10518,0
91113,0
117571,0
18649,0
73184,0
25553,0
84828,0
48101,0
73254,0
113927,0
44893,0
69744,0
117661,0
76548,0
51243,0
113037,0
100640,0
46593,0
46098,0
9565,0
111784,0
87127,0
90986,0
80052,0
101457,0
17609,0
110084,0
87074,0
88367,0
94551,0
99015,0
95488,0
14280,0
74300,0
108907,0
115449,0
97204,0
69936,0
78891,0
5858,0
97768,0
15500,0
47197,0
21458,0
87239,0
62650,0
61107,0
100006,0
83672,0
15451,0
88656,0
96027,0
45471,0
6331,0
10572,0
88911,0
12782,0
100001,0
42942,0
74588,0
115978,0
13865,0
99037,0
99359,0
61488,0
47978,0
111937,0
109628,0
17649,0
9338,0
18751,0
81861,0
75073,0
78199,0
92336,0
20742,0
12162,0
34649,0
6230,0
77146,0
59788,0
77818,0
71492,0
57485,0
102041,0
72877,0
46019,0
119192,0
12171,0
95721,0
47909,0
112866,0
6216,0
118634,0
75445,0
81367,0
86054,0
115756,0
85688,0
110137,0
96454,0
116731,0
89499,0
80182,0
69457,0
106853,0
99569,0
88478,0
112631,0
106747,0
10131,0
115023,0
42309,0
84577,0
82229,0
88563,0
41918,0
38807,0
13063,0
77952,0
72936,0
44940,0
20013,0
40190,0
106080,0
100834,0
66001,0
113649,0
119622,0
50439,0
80310,0
8226,0
90969,0
116610,0
111852,0
60208,0
15538,0
106817,0
118507,0
12822,0
47411,0
109320,0
18637,0
113453,0
92858,0
64502,0
64084,0
114310,0
20425,0
47648,0
63415,0
61491,0
11047,0
89249,0
10707,0
41143,0
48909,0
20201,0
39533,0
112177,0
56200,0
106335,0
101029,0
6180,0
14322,0
8182,0
47831,0
60335,0
64181,0
80753,0
18688,0
106142,0
50335,0
100768,0
62470,0
95466,0
5869,0
83733,0
118686,0
75739,0
7204,0
79279,0
19026,0
6395,0
49318,0
119328,0
89772,0
111992,0
59074,0
85332,0
80328,0
108449,0
91609,0
115596,0
108606,0
94514,0
72805,0
18369,0
61986,0
101055,0
48705,0
46556,0
112249,0
106011,0
88489,0
5425,0
117794,0
60628,0
92220,0
78950,0
119590,0
80319,0
82643,0
25193,0
115801,0
19560,0
100459,0
19368,0
104221,0
41147,0
88767,0
80183,0
84157,0
12045,0
47977,0
29548,0
80466,0
34156,0
99391,0
98427,0
20451,0
58655,0
83589,0
50341,0
13200,0
37426,0
99155,0
72709,0
84734,0
95477,0
87114,0
62854,0
92867,0
78799,0
74546,0
10808,0
119444,0
82419,0
54885,0
14851,0
119109,0
18551,0
87352,0
52887,0
27861,0
81181,0
119758,0
107738,0
41096,0
106596,0
108038,0
98770,0
67584,0
45771,0
109542,0
16902,0
40831,0
9959,0
14674,0
82338,0
59840,0
14128,0
39642,0
79337,0
5628,0
18819,0
38749,0
117320,0
18484,0
101112,0
66302,0
22194,0
11252,0
115703,0
88707,0
89445,0
59843,0
75813,0
114822,0
96996,0
100800,0
59309,0
73982,0
119499,0
87271,0
38398,0
114258,0
107556,0
110568,0
106164,0
39026,0
43095,0
47312,0
102916,0
5574,0
114992,0
113171,0
66872,0
77961,0
